-- phpMyAdmin SQL Dump
-- version 4.6.6
-- https://www.phpmyadmin.net/
--
-- Client :  localhost
-- Généré le :  Mar 22 Mai 2018 à 21:34
-- Version du serveur :  10.0.32-MariaDB
-- Version de PHP :  5.6.34

SET SQL_MODE = "NO_AUTO_VALUE_ON_ZERO";
SET time_zone = "+00:00";


/*!40101 SET @OLD_CHARACTER_SET_CLIENT=@@CHARACTER_SET_CLIENT */;
/*!40101 SET @OLD_CHARACTER_SET_RESULTS=@@CHARACTER_SET_RESULTS */;
/*!40101 SET @OLD_COLLATION_CONNECTION=@@COLLATION_CONNECTION */;
/*!40101 SET NAMES utf8mb4 */;

--
-- Base de données :  `SDIS29`
--

-- --------------------------------------------------------

--
-- Structure de la table `caserne`
--

CREATE TABLE `caserne` (
  `CIS_ID` int(11) NOT NULL,
  `CIS_NOM` varchar(60) NOT NULL
) ENGINE=MyISAM DEFAULT CHARSET=utf8;

--
-- Contenu de la table `caserne`
--

INSERT INTO `caserne` (`CIS_ID`, `CIS_NOM`) VALUES
(1, 'BREST\r\n'),
(2, 'CAMARET\r\n'),
(3, 'CROZON\r\n'),
(4, 'ILE DE OUESSANT\r\n'),
(5, 'LANDERNEAU\r\n'),
(6, 'LANNILIS\r\n'),
(7, 'LE FAOU\r\n'),
(8, 'LESNEVEN\r\n'),
(9, 'PLABENNEC\r\n'),
(10, 'PLOUDALMEZEAU\r\n'),
(11, 'PLOUGUERNEAU\r\n'),
(12, 'SAINT RENAN\r\n'),
(13, 'CHATEAULIN\r\n'),
(14, 'CONCARNEAU\r\n'),
(15, 'BANNALEC\r\n'),
(16, 'CLOHARS CARNOET\r\n'),
(17, 'CORAY\r\n'),
(18, 'ELLIANT\r\n'),
(19, 'LEUHAN\r\n'),
(20, 'MELGVEN\r\n'),
(21, 'MOELAN SUR MER\r\n'),
(22, 'PONT AVEN\r\n'),
(23, 'QUERRIEN\r\n'),
(24, 'QUIMPERLE\r\n'),
(25, 'RIEC SUR BELON\r\n'),
(26, 'ROSPORDEN\r\n'),
(27, 'SAINT THURIEN\r\n'),
(28, 'SCAER\r\n'),
(29, 'MORLAIX\r\n'),
(30, 'BRASPARTS\r\n'),
(31, 'CARHAIX\r\n'),
(32, 'GUERLESQUIN\r\n'),
(33, 'HUELGOAT\r\n'),
(34, 'ILE DE BATZ\r\n'),
(35, 'LANDIVISIAU\r\n'),
(36, 'LANMEUR\r\n'),
(37, 'PLOUESCAT\r\n'),
(38, 'PLOUGONVEN\r\n'),
(39, 'SAINT THEGONNEC\r\n'),
(40, 'SAINT POL DE LEON\r\n'),
(41, 'SIZUN\r\n'),
(42, 'CHATEAUNEUF DU FAOU\r\n'),
(43, 'PLEYBEN\r\n'),
(44, 'SAINT GOAZEC\r\n'),
(45, 'SPEZET\r\n'),
(46, 'QUIMPER\r\n'),
(47, 'BENODET\r\n'),
(48, 'BRIEC DE L\'ODET\r\n'),
(49, 'AUDIERNE\r\n'),
(50, 'PONT-CROIX\r\n'),
(51, 'CAP SIZUN - ILE DE SEIN\r\n'),
(52, 'DOUARNENEZ\r\n'),
(53, 'FOUESNANT\r\n'),
(54, 'LE GUILVINEC\r\n'),
(55, 'LOCTUDY\r\n'),
(56, 'PENMARC\'H\r\n'),
(57, 'PLOBANNALEC\r\n'),
(58, 'PLOMEUR\r\n'),
(59, 'PLONEOUR LANVERN\r\n'),
(60, 'PLOZEVET\r\n'),
(61, 'PONT L\'ABBE'),
(62, 'POULDREUZIC'),
(63, 'TREGOUREZ');

-- --------------------------------------------------------

--
-- Structure de la table `exercer`
--

CREATE TABLE `exercer` (
  `SP_MATRICULE` varchar(7) NOT NULL,
  `FCT_ID` char(15) NOT NULL
) ENGINE=MyISAM DEFAULT CHARSET=utf8;

--
-- Contenu de la table `exercer`
--

INSERT INTO `exercer` (`SP_MATRICULE`, `FCT_ID`) VALUES
('', ''),
('000', '00'),
('000', '01'),
('000', '16'),
('011', '02'),
('011', '16'),
('011', '17'),
('011', '19'),
('011', '25'),
('011', '27'),
('011', '29'),
('012', '01'),
('012', '02'),
('012', '06'),
('012', '17'),
('012', '19'),
('012', '25'),
('012', '27'),
('012', '29'),
('014', '01'),
('014', '02'),
('014', '16'),
('014', '17'),
('014', '22'),
('014', '25'),
('014', '27'),
('014', '29'),
('015', '00'),
('015', '02'),
('015', '16'),
('015', '17'),
('015', '19'),
('015', '25'),
('015', '27'),
('015', '29'),
('016', '01'),
('016', '02'),
('016', '04'),
('016', '17'),
('016', '20'),
('016', '25'),
('016', '27'),
('016', '29'),
('017', '00'),
('017', '02'),
('017', '15'),
('017', '17'),
('017', '18'),
('017', '25'),
('017', '27'),
('017', '29'),
('018', '01'),
('018', '02'),
('018', '15'),
('018', '17'),
('018', '21'),
('018', '25'),
('018', '27'),
('018', '29'),
('019', '00'),
('019', '02'),
('019', '14'),
('019', '17'),
('019', '21'),
('019', '25'),
('019', '27'),
('019', '28'),
('020', '01'),
('020', '02'),
('020', '06'),
('020', '17'),
('020', '19'),
('020', '25'),
('020', '27'),
('020', '29'),
('021', '02'),
('021', '11'),
('021', '17'),
('021', '19'),
('021', '25'),
('021', '27'),
('021', '29'),
('023', '00'),
('023', '02'),
('023', '06'),
('023', '17'),
('023', '21'),
('023', '25'),
('023', '27'),
('023', '28'),
('024', '00'),
('024', '02'),
('024', '14'),
('024', '17'),
('024', '19'),
('024', '25'),
('024', '27'),
('024', '29'),
('025', '00'),
('025', '02'),
('025', '08'),
('025', '17'),
('025', '19'),
('025', '25'),
('025', '27'),
('025', '28'),
('026', '00'),
('026', '02'),
('026', '03'),
('026', '17'),
('026', '20'),
('026', '25'),
('026', '27'),
('026', '29'),
('027', '00'),
('027', '02'),
('027', '04'),
('027', '17'),
('027', '19'),
('027', '25'),
('027', '27'),
('027', '28'),
('028', '01'),
('028', '02'),
('028', '13'),
('028', '17'),
('028', '19'),
('028', '25'),
('028', '27'),
('028', '29'),
('029', '01'),
('029', '02'),
('029', '15'),
('029', '17'),
('029', '24'),
('029', '25'),
('029', '27'),
('029', '28'),
('030', '00'),
('030', '02'),
('030', '07'),
('030', '17'),
('030', '19'),
('030', '25'),
('030', '27'),
('030', '28'),
('031', '01'),
('031', '02'),
('031', '10'),
('031', '17'),
('031', '19'),
('031', '25'),
('031', '27'),
('031', '28'),
('032', '01'),
('032', '02'),
('032', '03'),
('032', '04'),
('032', '17'),
('032', '20'),
('032', '25'),
('032', '27'),
('032', '28'),
('033', '00'),
('033', '02'),
('033', '03'),
('033', '17'),
('033', '23'),
('033', '25'),
('033', '27'),
('033', '28'),
('034', '01'),
('034', '02'),
('034', '12'),
('034', '17'),
('034', '18'),
('034', '25'),
('034', '27'),
('034', '29'),
('035', '00'),
('035', '02'),
('035', '04'),
('035', '17'),
('035', '24'),
('035', '25'),
('035', '27'),
('035', '29'),
('036', '01'),
('036', '02'),
('036', '07'),
('036', '17'),
('036', '22'),
('036', '25'),
('036', '27'),
('036', '29'),
('037', '01'),
('037', '02'),
('037', '04'),
('037', '05'),
('037', '17'),
('037', '21'),
('037', '25'),
('037', '27'),
('037', '28'),
('038', '01'),
('038', '02'),
('038', '04'),
('038', '17'),
('038', '18'),
('038', '25'),
('038', '27'),
('038', '29'),
('039', '00'),
('039', '02'),
('039', '14'),
('039', '17'),
('039', '20'),
('039', '25'),
('039', '27'),
('039', '28'),
('040', '00'),
('040', '02'),
('040', '09'),
('040', '17'),
('040', '20'),
('040', '25'),
('040', '27'),
('040', '29'),
('041', '00'),
('041', '02'),
('041', '12'),
('041', '17'),
('041', '20'),
('041', '25'),
('041', '27'),
('041', '28'),
('042', '01'),
('042', '02'),
('042', '16'),
('042', '17'),
('042', '19'),
('042', '25'),
('042', '27'),
('042', '29'),
('043', '00'),
('043', '02'),
('043', '09'),
('043', '17'),
('043', '22'),
('043', '25'),
('043', '27'),
('043', '28'),
('044', '01'),
('044', '02'),
('044', '08'),
('044', '11'),
('044', '13'),
('044', '15'),
('044', '17'),
('044', '24'),
('044', '25'),
('044', '27'),
('044', '28'),
('045', '01'),
('045', '02'),
('045', '12'),
('045', '17'),
('045', '24'),
('045', '25'),
('045', '27'),
('045', '28'),
('046', '01'),
('046', '02'),
('046', '09'),
('046', '17'),
('046', '22'),
('046', '25'),
('046', '27'),
('046', '29'),
('047', '01'),
('047', '02'),
('047', '08'),
('047', '17'),
('047', '21'),
('047', '25'),
('047', '27'),
('047', '29'),
('048', '01'),
('048', '02'),
('048', '14'),
('048', '17'),
('048', '22'),
('048', '25'),
('048', '27'),
('048', '29'),
('049', '00'),
('049', '02'),
('049', '06'),
('049', '07'),
('049', '17'),
('049', '19'),
('049', '25'),
('049', '27'),
('049', '29'),
('050', '01'),
('050', '02'),
('050', '05'),
('050', '17'),
('050', '21'),
('050', '25'),
('050', '27'),
('050', '29'),
('051', '00'),
('051', '02'),
('051', '07'),
('051', '17'),
('051', '20'),
('051', '25'),
('051', '27'),
('051', '28'),
('052', '01'),
('052', '02'),
('052', '08'),
('052', '17'),
('052', '19'),
('052', '25'),
('052', '27'),
('052', '29'),
('053', '01'),
('053', '02'),
('053', '11'),
('053', '16'),
('053', '17'),
('053', '24'),
('053', '25'),
('053', '27'),
('053', '28'),
('054', '00'),
('054', '02'),
('054', '14'),
('054', '17'),
('054', '21'),
('054', '25'),
('054', '27'),
('054', '29'),
('055', '01'),
('055', '02'),
('055', '14'),
('055', '17'),
('055', '21'),
('055', '25'),
('055', '27'),
('055', '29'),
('056', '01'),
('056', '02'),
('056', '07'),
('056', '17'),
('056', '20'),
('056', '25'),
('056', '27'),
('056', '29'),
('057', '01'),
('057', '02'),
('057', '04'),
('057', '17'),
('057', '18'),
('057', '25'),
('057', '27'),
('057', '29'),
('058', '00'),
('058', '02'),
('058', '11'),
('058', '17'),
('058', '18'),
('058', '25'),
('058', '27'),
('058', '29'),
('059', '01'),
('059', '02'),
('059', '03'),
('059', '10'),
('059', '17'),
('059', '22'),
('059', '25'),
('059', '27'),
('059', '28'),
('060', '01'),
('060', '02'),
('060', '05'),
('060', '17'),
('060', '23'),
('060', '25'),
('060', '27'),
('060', '28'),
('061', '00'),
('061', '02'),
('061', '13'),
('061', '17'),
('061', '21'),
('061', '25'),
('061', '27'),
('061', '29'),
('062', '00'),
('062', '02'),
('062', '05'),
('062', '17'),
('062', '23'),
('062', '25'),
('062', '27'),
('062', '29'),
('074', '00'),
('074', '02'),
('074', '14'),
('074', '17'),
('074', '18'),
('074', '25'),
('074', '27'),
('074', '28'),
('075', '01'),
('075', '02'),
('075', '07'),
('075', '17'),
('075', '20'),
('075', '25'),
('075', '27'),
('075', '28'),
('076', '01'),
('076', '02'),
('076', '022'),
('076', '06'),
('076', '17'),
('076', '25'),
('076', '27'),
('076', '29'),
('077', '00'),
('077', '02'),
('077', '08'),
('077', '17'),
('077', '22'),
('077', '25'),
('077', '27'),
('077', '28'),
('078', '00'),
('078', '02'),
('078', '09'),
('078', '17'),
('078', '19'),
('078', '25'),
('078', '27'),
('078', '29'),
('079', '01'),
('079', '02'),
('079', '11'),
('079', '17'),
('079', '22'),
('079', '25'),
('079', '27'),
('079', '28'),
('080', '01'),
('080', '02'),
('080', '07'),
('080', '10'),
('080', '17'),
('080', '23'),
('080', '25'),
('080', '27'),
('080', '29'),
('081', '01'),
('081', '02'),
('081', '08'),
('081', '17'),
('081', '23'),
('081', '25'),
('081', '27'),
('081', '28'),
('082', '01'),
('082', '02'),
('082', '06'),
('082', '17'),
('082', '24'),
('082', '25'),
('082', '27'),
('082', '29'),
('083', '01'),
('083', '02'),
('083', '16'),
('083', '17'),
('083', '21'),
('083', '25'),
('083', '27'),
('083', '29'),
('084', '00'),
('084', '02'),
('084', '03'),
('084', '04'),
('084', '17'),
('084', '18'),
('084', '25'),
('084', '27'),
('084', '29'),
('085', '00'),
('085', '02'),
('085', '04'),
('085', '17'),
('085', '21'),
('085', '25'),
('085', '27'),
('085', '29'),
('086', '00'),
('086', '02'),
('086', '09'),
('086', '11'),
('086', '17'),
('086', '19'),
('086', '25'),
('086', '27'),
('086', '29'),
('087', '01'),
('087', '02'),
('087', '10'),
('087', '17'),
('087', '19'),
('087', '25'),
('087', '27'),
('087', '29'),
('088', '00'),
('088', '02'),
('088', '13'),
('088', '17'),
('088', '23'),
('088', '25'),
('088', '27'),
('088', '28'),
('089', '00'),
('089', '02'),
('089', '03'),
('089', '12'),
('089', '17'),
('089', '22'),
('089', '25'),
('089', '27'),
('089', '28'),
('090', '00'),
('090', '02'),
('090', '05'),
('090', '09'),
('090', '17'),
('090', '20'),
('090', '25'),
('090', '27'),
('090', '29'),
('091', '00'),
('091', '02'),
('091', '04'),
('091', '17'),
('091', '24'),
('091', '25'),
('091', '27'),
('091', '28'),
('092', '00'),
('092', '02'),
('092', '04'),
('092', '17'),
('092', '23'),
('092', '25'),
('092', '27'),
('092', '29'),
('093', '01'),
('093', '02'),
('093', '04'),
('093', '17'),
('093', '19'),
('093', '25'),
('093', '27'),
('093', '28'),
('094', '00'),
('094', '02'),
('094', '04'),
('094', '17'),
('094', '21'),
('094', '25'),
('094', '27'),
('094', '29'),
('095', '00'),
('095', '02'),
('095', '16'),
('095', '17'),
('095', '20'),
('095', '25'),
('095', '27'),
('095', '28'),
('096', '00'),
('096', '02'),
('096', '10'),
('096', '17'),
('096', '20'),
('096', '25'),
('096', '27'),
('096', '29'),
('097', '00'),
('097', '02'),
('097', '16'),
('097', '17'),
('097', '23'),
('097', '25'),
('097', '27'),
('097', '29'),
('098', '01'),
('098', '02'),
('098', '05'),
('098', '17'),
('098', '22'),
('098', '25'),
('098', '27'),
('098', '28'),
('099', '00'),
('099', '02'),
('099', '04'),
('099', '09'),
('099', '10'),
('099', '11'),
('099', '13'),
('099', '16'),
('099', '17'),
('099', '18'),
('099', '25'),
('099', '27'),
('099', '28'),
('099', '29'),
('1', '00'),
('1', '01'),
('1', '14'),
('1', '16'),
('1', '19'),
('1', '25'),
('100', '01'),
('100', '02'),
('100', '11'),
('100', '17'),
('100', '22'),
('100', '25'),
('100', '27'),
('100', '28'),
('101', '00'),
('101', '02'),
('101', '10'),
('101', '17'),
('101', '20'),
('101', '25'),
('101', '27'),
('101', '29'),
('102', '01'),
('102', '02'),
('102', '15'),
('102', '17'),
('102', '18'),
('102', '25'),
('102', '27'),
('102', '29'),
('103', '00'),
('103', '02'),
('103', '09'),
('103', '17'),
('103', '19'),
('103', '25'),
('103', '27'),
('103', '29'),
('104', '01'),
('104', '02'),
('104', '05'),
('104', '06'),
('104', '09'),
('104', '14'),
('104', '17'),
('104', '22'),
('104', '25'),
('104', '27'),
('104', '29'),
('105', '00'),
('105', '02'),
('105', '06'),
('105', '17'),
('105', '18'),
('105', '25'),
('105', '27'),
('105', '28'),
('106', '01'),
('106', '02'),
('106', '09'),
('106', '17'),
('106', '22'),
('106', '25'),
('106', '27'),
('106', '28'),
('107', '00'),
('107', '02'),
('107', '11'),
('107', '16'),
('107', '17'),
('107', '20'),
('107', '25'),
('107', '27'),
('107', '28'),
('108', '01'),
('108', '02'),
('108', '03'),
('108', '13'),
('108', '17'),
('108', '18'),
('108', '25'),
('108', '27'),
('108', '29'),
('109', '00'),
('109', '02'),
('109', '12'),
('109', '17'),
('109', '23'),
('109', '25'),
('109', '27'),
('109', '28'),
('11', '00'),
('110', '00'),
('110', '02'),
('110', '06'),
('110', '11'),
('110', '17'),
('110', '23'),
('110', '25'),
('110', '27'),
('110', '29'),
('111', '00'),
('111', '02'),
('111', '06'),
('111', '17'),
('111', '20'),
('111', '25'),
('111', '27'),
('111', '28'),
('112', '01'),
('112', '02'),
('112', '05'),
('112', '17'),
('112', '20'),
('112', '25'),
('112', '27'),
('112', '28'),
('113', '01'),
('113', '02'),
('113', '10'),
('113', '17'),
('113', '23'),
('113', '25'),
('113', '27'),
('113', '28'),
('114', '01'),
('114', '02'),
('114', '06'),
('114', '17'),
('114', '18'),
('114', '25'),
('114', '27'),
('114', '29'),
('115', '00'),
('115', '02'),
('115', '07'),
('115', '17'),
('115', '23'),
('115', '25'),
('115', '27'),
('115', '29'),
('116', '00'),
('116', '02'),
('116', '07'),
('116', '17'),
('116', '24'),
('116', '25'),
('116', '27'),
('116', '29'),
('117', '01'),
('117', '02'),
('117', '12'),
('117', '14'),
('117', '17'),
('117', '19'),
('117', '25'),
('117', '27'),
('117', '29'),
('118', '01'),
('118', '02'),
('118', '06'),
('118', '17'),
('118', '22'),
('118', '25'),
('118', '27'),
('118', '28'),
('119', '00'),
('119', '02'),
('119', '06'),
('119', '17'),
('119', '22'),
('119', '25'),
('119', '27'),
('119', '29'),
('120', '01'),
('120', '02'),
('120', '03'),
('120', '05'),
('120', '17'),
('120', '19'),
('120', '25'),
('120', '27'),
('120', '29'),
('121', '00'),
('121', '02'),
('121', '12'),
('121', '13'),
('121', '17'),
('121', '19'),
('121', '25'),
('121', '27'),
('121', '29'),
('122', '01'),
('122', '02'),
('122', '05'),
('122', '17'),
('122', '22'),
('122', '25'),
('122', '27'),
('122', '29'),
('123', '00'),
('123', '02'),
('123', '08'),
('123', '10'),
('123', '17'),
('123', '22'),
('123', '25'),
('123', '27'),
('123', '28'),
('124', '00'),
('124', '02'),
('124', '12'),
('124', '17'),
('124', '22'),
('124', '25'),
('124', '27'),
('124', '28'),
('125', '01'),
('125', '02'),
('125', '12'),
('125', '13'),
('125', '17'),
('125', '22'),
('125', '25'),
('125', '27'),
('125', '29'),
('13', '01'),
('13', '02'),
('13', '13'),
('13', '17'),
('13', '20'),
('13', '25'),
('13', '27'),
('13', '29'),
('137', '00'),
('137', '02'),
('137', '13'),
('137', '17'),
('137', '20'),
('137', '25'),
('137', '27'),
('137', '29'),
('138', '01'),
('138', '02'),
('138', '15'),
('138', '17'),
('138', '20'),
('138', '25'),
('138', '27'),
('138', '29'),
('139', '01'),
('139', '02'),
('139', '028'),
('139', '10'),
('139', '17'),
('139', '23'),
('139', '25'),
('139', '27'),
('140', '01'),
('140', '02'),
('140', '06'),
('140', '17'),
('140', '23'),
('140', '25'),
('140', '27'),
('140', '29'),
('141', '01'),
('141', '02'),
('141', '11'),
('141', '17'),
('141', '20'),
('141', '25'),
('141', '27'),
('141', '28'),
('142', '01'),
('142', '02'),
('142', '10'),
('142', '17'),
('142', '21'),
('142', '25'),
('142', '27'),
('142', '29'),
('143', '00'),
('143', '02'),
('143', '04'),
('143', '17'),
('143', '18'),
('143', '25'),
('143', '27'),
('143', '28'),
('144', '01'),
('144', '02'),
('144', '07'),
('144', '13'),
('144', '17'),
('144', '22'),
('144', '25'),
('144', '27'),
('144', '29'),
('145', '01'),
('145', '02'),
('145', '09'),
('145', '17'),
('145', '23'),
('145', '25'),
('145', '27'),
('145', '28'),
('146', '00'),
('146', '02'),
('146', '13'),
('146', '17'),
('146', '19'),
('146', '25'),
('146', '27'),
('146', '28'),
('147', '00'),
('147', '02'),
('147', '07'),
('147', '17'),
('147', '18'),
('147', '25'),
('147', '27'),
('147', '28'),
('148', '00'),
('148', '02'),
('148', '13'),
('148', '17'),
('148', '20'),
('148', '25'),
('148', '27'),
('148', '28'),
('149', '00'),
('149', '02'),
('149', '11'),
('149', '17'),
('149', '21'),
('149', '25'),
('149', '27'),
('149', '29'),
('150', '01'),
('150', '02'),
('150', '12'),
('150', '15'),
('150', '17'),
('150', '21'),
('150', '25'),
('150', '27'),
('150', '28'),
('151', '01'),
('151', '02'),
('151', '03'),
('151', '16'),
('151', '17'),
('151', '19'),
('151', '25'),
('151', '27'),
('151', '28'),
('152', '01'),
('152', '02'),
('152', '14'),
('152', '17'),
('152', '21'),
('152', '25'),
('152', '27'),
('152', '29'),
('153', '00'),
('153', '02'),
('153', '07'),
('153', '17'),
('153', '20'),
('153', '25'),
('153', '27'),
('153', '29'),
('154', '00'),
('154', '02'),
('154', '06'),
('154', '17'),
('154', '23'),
('154', '25'),
('154', '27'),
('154', '28'),
('155', '00'),
('155', '02'),
('155', '07'),
('155', '08'),
('155', '13'),
('155', '14'),
('155', '15'),
('155', '17'),
('155', '20'),
('155', '25'),
('155', '27'),
('155', '28'),
('156', '00'),
('156', '02'),
('156', '09'),
('156', '17'),
('156', '22'),
('156', '25'),
('156', '27'),
('156', '29'),
('157', '00'),
('157', '02'),
('157', '15'),
('157', '17'),
('157', '24'),
('157', '25'),
('157', '27'),
('157', '28'),
('158', '00'),
('158', '02'),
('158', '03'),
('158', '17'),
('158', '20'),
('158', '25'),
('158', '27'),
('158', '28'),
('159', '01'),
('159', '02'),
('159', '06'),
('159', '17'),
('159', '23'),
('159', '25'),
('159', '27'),
('159', '28'),
('160', '01'),
('160', '02'),
('160', '06'),
('160', '08'),
('160', '17'),
('160', '24'),
('160', '25'),
('160', '27'),
('160', '28'),
('161', '00'),
('161', '02'),
('161', '10'),
('161', '17'),
('161', '18'),
('161', '25'),
('161', '27'),
('161', '29'),
('162', '00'),
('162', '02'),
('162', '10'),
('162', '15'),
('162', '17'),
('162', '24'),
('162', '25'),
('162', '27'),
('162', '28'),
('163', '00'),
('163', '02'),
('163', '15'),
('163', '17'),
('163', '21'),
('163', '25'),
('163', '27'),
('163', '29'),
('164', '00'),
('164', '02'),
('164', '11'),
('164', '17'),
('164', '18'),
('164', '25'),
('164', '27'),
('164', '28'),
('165', '01'),
('165', '02'),
('165', '14'),
('165', '17'),
('165', '22'),
('165', '25'),
('165', '27'),
('165', '28'),
('166', '01'),
('166', '02'),
('166', '03'),
('166', '17'),
('166', '22'),
('166', '25'),
('166', '27'),
('166', '29'),
('167', '01'),
('167', '02'),
('167', '03'),
('167', '17'),
('167', '23'),
('167', '25'),
('167', '27'),
('167', '29'),
('168', '00'),
('168', '02'),
('168', '09'),
('168', '17'),
('168', '21'),
('168', '25'),
('168', '27'),
('168', '29'),
('169', '01'),
('169', '02'),
('169', '13'),
('169', '17'),
('169', '18'),
('169', '25'),
('169', '27'),
('169', '29'),
('170', '00'),
('170', '02'),
('170', '07'),
('170', '17'),
('170', '20'),
('170', '25'),
('170', '27'),
('170', '29'),
('171', '00'),
('171', '02'),
('171', '11'),
('171', '17'),
('171', '21'),
('171', '25'),
('171', '27'),
('171', '29'),
('172', '01'),
('172', '02'),
('172', '05'),
('172', '12'),
('172', '17'),
('172', '24'),
('172', '25'),
('172', '27'),
('172', '29'),
('173', '01'),
('173', '02'),
('173', '15'),
('173', '17'),
('173', '19'),
('173', '25'),
('173', '27'),
('173', '28'),
('174', '01'),
('174', '02'),
('174', '03'),
('174', '17'),
('174', '24'),
('174', '25'),
('174', '27'),
('174', '28'),
('175', '00'),
('175', '02'),
('175', '05'),
('175', '11'),
('175', '17'),
('175', '22'),
('175', '25'),
('175', '27'),
('175', '28'),
('176', '01'),
('176', '02'),
('176', '13'),
('176', '17'),
('176', '20'),
('176', '25'),
('176', '27'),
('176', '28'),
('177', '00'),
('177', '02'),
('177', '11'),
('177', '17'),
('177', '20'),
('177', '25'),
('177', '27'),
('177', '29'),
('178', '01'),
('178', '02'),
('178', '05'),
('178', '17'),
('178', '21'),
('178', '25'),
('178', '27'),
('178', '28'),
('179', '01'),
('179', '02'),
('179', '05'),
('179', '17'),
('179', '18'),
('179', '25'),
('179', '27'),
('179', '28'),
('180', '00'),
('180', '02'),
('180', '04'),
('180', '12'),
('180', '17'),
('180', '24'),
('180', '25'),
('180', '27'),
('180', '29'),
('181', '00'),
('181', '02'),
('181', '11'),
('181', '17'),
('181', '23'),
('181', '25'),
('181', '27'),
('181', '28'),
('182', '00'),
('182', '02'),
('182', '06'),
('182', '17'),
('182', '22'),
('182', '25'),
('182', '27'),
('182', '28'),
('183', '00'),
('183', '02'),
('183', '05'),
('183', '17'),
('183', '24'),
('183', '25'),
('183', '27'),
('183', '29'),
('184', '01'),
('184', '02'),
('184', '04'),
('184', '06'),
('184', '08'),
('184', '11'),
('184', '17'),
('184', '18'),
('184', '23'),
('184', '25'),
('184', '27'),
('184', '29'),
('185', '00'),
('185', '02'),
('185', '06'),
('185', '17'),
('185', '24'),
('185', '25'),
('185', '27'),
('185', '29'),
('186', '01'),
('186', '02'),
('186', '07'),
('186', '17'),
('186', '18'),
('186', '25'),
('186', '27'),
('186', '28'),
('187', '01'),
('187', '02'),
('187', '11'),
('187', '17'),
('187', '18'),
('187', '25'),
('187', '27'),
('187', '29'),
('188', '00'),
('188', '02'),
('188', '13'),
('188', '17'),
('188', '21'),
('188', '25'),
('188', '27'),
('188', '28'),
('197', '01'),
('197', '02'),
('197', '05'),
('197', '17'),
('197', '19'),
('197', '25'),
('197', '27'),
('197', '28'),
('199', '00'),
('199', '02'),
('199', '07'),
('199', '10'),
('199', '17'),
('199', '19'),
('199', '25'),
('199', '27'),
('199', '28'),
('201', '00'),
('201', '12'),
('201', '23'),
('201', '26'),
('20187', '00'),
('20187', '03'),
('20187', '07'),
('20187', '13'),
('21', '00'),
('302', '00'),
('302', '01'),
('302', '02'),
('302', '16'),
('304', '01'),
('304', '10'),
('304', '11'),
('304', '12'),
('305', '00'),
('305', '01'),
('305', '13'),
('305', '14'),
('306', '07'),
('306', '11'),
('306', '16'),
('306', '17'),
('307', '00'),
('307', '17'),
('307', '23'),
('307', '29'),
('308', '05'),
('308', '15'),
('308', '25'),
('308', '26'),
('308', '27'),
('309', '11'),
('309', '22'),
('309', '25'),
('309', '26'),
('310', '00'),
('310', '18'),
('310', '25'),
('311', '00'),
('311', '16'),
('311', '26'),
('312', '07'),
('312', '11'),
('312', '12'),
('312', '17'),
('312', '19'),
('313', '00'),
('313', '18'),
('313', '20'),
('313', '26'),
('314', '00'),
('314', '01'),
('314', '11'),
('314', '17'),
('315', '20'),
('315', '21'),
('315', '22'),
('315', '24'),
('316', '02'),
('316', '07'),
('316', '14'),
('316', '23'),
('316', '26'),
('317', '11'),
('317', '12'),
('317', '21'),
('318', '00'),
('318', '09'),
('319', '18'),
('319', '24'),
('319', '25'),
('319', '26');

-- --------------------------------------------------------

--
-- Structure de la table `fonction`
--

CREATE TABLE `fonction` (
  `FCT_ID` char(15) NOT NULL,
  `FCT_LIBELLE` varchar(60) NOT NULL
) ENGINE=MyISAM DEFAULT CHARSET=utf8;

--
-- Contenu de la table `fonction`
--

INSERT INTO `fonction` (`FCT_ID`, `FCT_LIBELLE`) VALUES
('12', 'COND SACPS'),
('11', 'COND FPTFDN'),
('10', 'COND FPT'),
('00', 'CA CCGC'),
('01', 'CA VLHR'),
('13', 'COND VLHR'),
('14', 'COND VLU'),
('15', 'COND VSAV_OP3'),
('16', 'COND VTU'),
('17', 'EQU CCGC'),
('18', 'EQU EAU INT'),
('19', 'EQU FPT'),
('02', 'CA VLU'),
('20', 'EQU FPTFDN'),
('21', 'EQU MER'),
('22', 'EQU SACPS'),
('23', 'EQU VLHR'),
('24', 'EQU VLU'),
('25', 'EQU VSAV'),
('26', 'EQU VSAV_OP3'),
('27', 'EQU VTU'),
('28', 'OPE MODERATO'),
('29', 'SOUTIEN BLS'),
('03', 'CA VSAV 4/5'),
('04', 'CA VSAV_OP3'),
('05', 'CA VTU'),
('06', 'CE FPTFDN'),
('07', 'CE1 FPT'),
('08', 'CE2 FPT'),
('09', 'COND CCGC');

-- --------------------------------------------------------

--
-- Structure de la table `formation`
--

CREATE TABLE `formation` (
  `FOR_ID` varchar(32) NOT NULL,
  `FCT_ID` char(15) NOT NULL,
  `FOR_LIBELLE` varchar(32) NOT NULL,
  `FOR_DTE_DEBUT` date NOT NULL,
  `FOR_DTE_FIN` date NOT NULL,
  `FOR_CAPACITE` smallint(6) NOT NULL,
  `FOR_SALLE` varchar(32) NOT NULL,
  `FOR_ADRESSE` varchar(120) NOT NULL,
  `FOR_CP` varchar(5) NOT NULL,
  `FOR_VILLE` varchar(60) NOT NULL,
  `FOR_DESCRIPTION` varchar(255) NOT NULL
) ENGINE=MyISAM DEFAULT CHARSET=utf8;

--
-- Contenu de la table `formation`
--

INSERT INTO `formation` (`FOR_ID`, `FCT_ID`, `FOR_LIBELLE`, `FOR_DTE_DEBUT`, `FOR_DTE_FIN`, `FOR_CAPACITE`, `FOR_SALLE`, `FOR_ADRESSE`, `FOR_CP`, `FOR_VILLE`, `FOR_DESCRIPTION`) VALUES
('6', '00', 'CA CCGC', '2018-07-15', '2018-07-21', 30, 'CS BREST', '17 Rue Amiral Romain Desfosses', '29200', 'BREST', 'Formation Chef d\'Agrès CCGC'),
('1', '01', 'CA VLHR', '2018-08-15', '2018-08-21', 30, 'CS CAMARET', 'Place St Ives', '29570', 'CAMARET-SUR-MER', 'Formation Chef d\'Agrès VLHR'),
('10', '10', 'COND FPT', '2019-01-01', '2019-01-05', 30, 'CS CAMARET', 'Place St Ives', '29570', 'CAMARET-SUR-MER', 'Formation Conducteur FPT'),
('13', '13', 'COND VLHR', '2019-01-01', '2019-01-05', 20, 'CS BREST', '17 Rue Amiral Romain Desfosses', '29200', 'BREST', 'Formation Conducteur VLHR'),
('15', '15', 'COND VSAV', '2018-04-09', '2018-04-13', 30, 'CS CAMARET', 'Place St Ives', '29570', 'CAMARET-SUR-MER', 'Conduite Préventive (VSAV)'),
('14', '17', 'COND VTU', '2018-04-09', '2018-04-13', 20, 'CS BREST', '17 Rue Amiral Romain Desfosses', '29200', 'BREST', 'Formation Conducteur VTU'),
('12', '18', 'FEI2', '2018-04-22', '2018-04-28', 45, 'CS CAMARET', 'Place St Ives', '29570', 'CAMARET-SUR-MER', 'Formation INCENDIE 2'),
('2', '02', 'CA VLU', '2018-09-05', '2018-09-11', 30, 'CS CONCARNEAU', 'Rue du Poteau Vert', '29900', 'CONCARNEAU', 'Formation Chef d\'Agrès VLU'),
('11', '25', 'SAPEQ2', '2018-07-22', '2018-07-28', 45, 'CS CAMARET', 'Place St Ives', '29570', 'CAMARET-SUR-MER', 'Formation SAP EQUIPIER 2'),
('3', '03', 'CA VSAV4/5', '2018-07-15', '2018-07-21', 30, 'CS BREST', '17 Rue Amiral Romain Desfosses', '29200', 'BREST', 'Formation Chef d\'Agrès VSAV 4/5'),
('8', '14', 'PB', '2018-12-20', '2018-12-20', 10, 'C.E.I. Brest', 'Poul Ar Feunteun', '29480', 'Relecq Kerhuon', 'Permis B'),
('4', '04', 'CA VSAV_OP3', '2018-08-15', '2018-08-21', 30, 'CS CONCARNEAU', 'Rue du Poteau Vert', '29900', 'CONCARNEAU', 'Formation Chef d\'Agrès VSAV_OP3'),
('5', '05', 'CA VTU', '2018-09-05', '2018-09-11', 30, 'CS BREST', '17 Rue Amiral Romain Desfosses', '29200', 'BREST', 'Formation Chef d\'Agrès VTU'),
('7', '02', 'TEST', '2017-01-01', '2017-01-05', 30, 'CS BREST', 'Place St Ives', '29200', 'BREST', 'Conduite Préventive (VSAV)'),
('9', '09', 'COND CCGC', '2019-01-01', '2019-01-05', 20, 'CS CONCARNEAU', 'Rue du Poteau Vert', '29900', 'CONCARNEAU', 'Formation Conducteur CCGC');

-- --------------------------------------------------------

--
-- Structure de la table `grade`
--

CREATE TABLE `grade` (
  `GRA_ID` char(3) NOT NULL,
  `GRA_LIBELLE` varchar(32) NOT NULL
) ENGINE=MyISAM DEFAULT CHARSET=utf8;

--
-- Contenu de la table `grade`
--

INSERT INTO `grade` (`GRA_ID`, `GRA_LIBELLE`) VALUES
('11', 'CAPITAINE'),
('10', 'LIEUTENANT'),
('9', 'MAJOR'),
('8', 'ADJUDANT-CHEF'),
('7', 'ADJUDANT'),
('6', 'SERGENT-CHEF'),
('5', 'SERGENT'),
('4', 'CAPORAL-CHEF'),
('3', 'CAPORAL'),
('2', 'SAPEUR 1ère CLASSE'),
('1', 'SAPEUR 2ème CLASSE'),
('0', 'Auxiliaire\n'),
('12', 'COMMANDANT'),
('13', 'LIEUTENANT-COLONEL'),
('14', 'COLONEL');

-- --------------------------------------------------------

--
-- Structure de la table `inscrire`
--

CREATE TABLE `inscrire` (
  `SP_MATRICULE` varchar(7) NOT NULL,
  `FOR_ID` varchar(32) NOT NULL
) ENGINE=MyISAM DEFAULT CHARSET=utf8;

--
-- Contenu de la table `inscrire`
--

INSERT INTO `inscrire` (`SP_MATRICULE`, `FOR_ID`) VALUES
('000', '1'),
('000', '6'),
('1', '6'),
('1', '8'),
('20187', '13'),
('20187', '6'),
('302', '1'),
('302', '2'),
('302', '6');

-- --------------------------------------------------------

--
-- Structure de la table `login`
--

CREATE TABLE `login` (
  `LOG_LOGIN` varchar(32) NOT NULL,
  `SP_MATRICULE` varchar(7) NOT NULL,
  `LOG_MDP` varchar(32) NOT NULL,
  `LOG_NOM` varchar(60) NOT NULL,
  `LOG_PRENOM` varchar(60) NOT NULL,
  `LOG_PROFIL` int(11) NOT NULL
) ENGINE=MyISAM DEFAULT CHARSET=utf8;

--
-- Contenu de la table `login`
--

INSERT INTO `login` (`LOG_LOGIN`, `SP_MATRICULE`, `LOG_MDP`, `LOG_NOM`, `LOG_PRENOM`, `LOG_PROFIL`) VALUES
('046', '046', '046@Lefevre', 'Lefevre', 'Lana', 2),
('045', '045', '045@Gerard', 'Gerard', 'Lily', 1),
('044', '044', '044@Andre', 'Andre', 'Mélissa', 3),
('043', '043', '043@Sanchez', 'Sanchez', 'Jeanne', 2),
('042', '042', '042@Girard', 'Girard', 'Lina', 1),
('041', '041', '041@Masson', 'Masson', 'Lou', 3),
('040', '040', '040@Morel', 'Morel', 'Laura', 2),
('039', '039', '039@Robin', 'Robin', 'Charlotte', 1),
('038', '038', '038@Fournier', 'Fournier', 'Noémie', 3),
('037', '037', '037@Chevalier', 'Chevalier', 'Alice', 2),
('036', '036', '036@Vincent', 'Vincent', 'Maéva', 1),
('035', '035', '035@Fontaine', 'Fontaine', 'Pauline', 3),
('034', '034', '034@Roux', 'Roux', 'Célia', 2),
('033', '033', '033@Lopez', 'Lopez', 'élisa', 1),
('032', '032', '032@Bertrand', 'Bertrand', 'Justine', 3),
('031', '031', '031@Dumont', 'Dumont', 'Louna', 2),
('030', '030', '030@David', 'David', '?milie', 1),
('029', '029', '029@Gauthier', 'Gauthier', 'Clémence', 3),
('028', '028', '028@Garcia', 'Garcia', 'Maelys', 2),
('027', '027', '027@Clement', 'Clement', 'Zoé', 1),
('026', '026', '026@Michel', 'Michel', 'Mathilde', 3),
('025', '025', '025@Mathieu', 'Mathieu', 'Louise', 2),
('024', '024', '024@Lefebvre', 'Lefebvre', 'Lisa', 1),
('023', '023', '023@Morin', 'Morin', 'Maïwenn', 3),
('308', '308', '308@Jacob', 'Jacob', 'Jean', 1),
('021', '021', '021@Perrin', 'Perrin', 'Inès', 1),
('020', '020', '020@Simon', 'Simon', 'Océane', 3),
('019', '019', '019@Nicolas', 'Nicolas', 'Lilou', 2),
('018', '018', '018@Moreau', 'Moreau', 'Ambre', 1),
('017', '017', '017@Roussel', 'Roussel', 'Agathe', 3),
('016', '016', '016@Leroy', 'Leroy', 'Manon', 2),
('015', '015', '015@Henry', 'Henry', 'Emma', 1),
('014', '014', '014@Durand', 'Durand', 'Romane', 3),
('013', '013', '013@Muller', 'Muller', 'Jade', 2),
('012', '012', '012@Petit', 'Petit', 'Sarah', 1),
('011', '011', '011@Guerin', 'Guerin', 'Lucie', 3),
('302', '302', '302@Pouliquen', 'Pouliquen', 'Julien', 1),
('307', '307', '307@Jacques', 'Jacques', 'Émilie', 2),
('188', '188', '188@Perrier', 'Perrier', 'Aaron', 2),
('187', '187', '187@Rossi', 'Rossi', 'Gaspard', 1),
('186', '186', '186@Gonéalves', 'Gonéalves', 'Marwane', 3),
('185', '185', '185@Joubert', 'Joubert', 'Colin', 2),
('184', '184', '184@Alexandre', 'Alexandre', 'Gilbert', 1),
('183', '183', '183@Dupond', 'Dupond', 'Yohan', 3),
('182', '182', '182@Leblanc', 'Leblanc', 'Roméo', 2),
('181', '181', '181@Marion', 'Marion', 'Félix', 1),
('180', '180', '180@Bertin', 'Bertin', 'Timothée', 3),
('179', '179', '179@Levy', 'Levy', 'Bruno', 2),
('178', '178', '178@Lesage', 'Lesage', 'Renaud', 1),
('177', '177', '177@Mallet', 'Mallet', 'Léon', 3),
('176', '176', '176@Cousin', 'Cousin', 'Davy', 2),
('175', '175', '175@Chevallier', 'Chevallier', 'Elouan', 1),
('174', '174', '174@Marty', 'Marty', 'Malo', 3),
('173', '173', '173@Gay', 'Gay', 'Léonard', 2),
('172', '172', '172@Barre', 'Barre', 'Guillaume', 1),
('171', '171', '171@Marechal', 'Marechal', 'Amine', 3),
('170', '170', '170@Guyot', 'Guyot', 'Martin', 2),
('169', '169', '169@Gomez', 'Gomez', 'Lilian', 1),
('168', '168', '168@Perrot', 'Perrot', 'Killian', 3),
('167', '167', '167@Weber', 'Weber', 'Kilian', 2),
('166', '166', '166@Schneider', 'Schneider', 'Bastien', 1),
('165', '165', '165@Millet', 'Millet', 'Robin', 3),
('164', '164', '164@Remy', 'Remy', 'Titouan', 2),
('163', '163', '163@Klein', 'Klein', 'Simon', 1),
('162', '162', '162@Breton', 'Breton', 'Rémi', 3),
('161', '161', '161@Germain', 'Germain', 'Noé', 2),
('160', '160', '160@Carre', 'Carre', 'Mehdi', 1),
('159', '159', '159@Jacob', 'Jacob', 'Kylian', 3),
('158', '158', '158@Laine', 'Laine', 'Eric', 2),
('154', '154', '154@Pons', 'Pons', 'Thibault', 1),
('155', '155', '155@Albert', 'Albert', 'Adrien', 2),
('156', '156', '156@Paul', 'Paul', 'Benjamin', 3),
('157', '157', '157@Ferreira', 'Ferreira', 'Corentin', 1),
('153', '153', '153@Leveque', 'Leveque', 'Florian', 3),
('152', '152', '152@Dupuy', 'Dupuy', 'Samuel', 2),
('151', '151', '151@Bouvier', 'Bouvier', 'Kyllian', 1),
('150', '150', '150@Baron', 'Baron', 'Diego', 3),
('149', '149', '149@Gillet', 'Gillet', 'Dorian', 2),
('047', '047', '047@Nguyen', 'Nguyen', 'Lena', 3),
('048', '048', '048@Mercier', 'Mercier', 'Solene', 1),
('049', '049', '049@Boyer', 'Boyer', 'Marion', 2),
('050', '050', '050@Dupont', 'Dupont', 'Anna', 3),
('051', '051', '051@Lambert', 'Lambert', 'L?onie', 1),
('052', '052', '052@Lemaire', 'Lemaire', 'Mélanie', 2),
('053', '053', '053@Bonnet', 'Bonnet', 'Nina', 3),
('054', '054', '054@Duval', 'Duval', 'Margot', 1),
('055', '055', '055@Francois', 'Francois', 'Maëlle', 2),
('056', '056', '056@Joly', 'Joly', 'Alexia', 3),
('057', '057', '057@Martinez', 'Martinez', 'Alicia', 1),
('058', '058', '058@Roger', 'Roger', 'Marine', 2),
('059', '059', '059@Bourgeois', 'Bourgeois', 'Valentine', 3),
('060', '060', '060@Roche', 'Roche', 'Candice', 1),
('061', '061', '061@Renaud', 'Renaud', 'Loane', 2),
('062', '062', '062@Roy', 'Roy', 'Margaux', 3),
('070', '070', '070@Meunier', 'Meunier', 'Carla', 1),
('074', '074', '074@Perez', 'Perez', 'Angelina', 3),
('075', '075', '075@Fabre', 'Fabre', 'Amélie', 1),
('076', '076', '076@Marchand', 'Marchand', 'élise', 2),
('077', '077', '077@Dupuis', 'Dupuis', 'Salomé', 3),
('078', '078', '078@Dufour', 'Dufour', 'Sara', 1),
('079', '079', '079@Olivier', 'Olivier', 'Jasmine', 2),
('080', '080', '080@Blanchard', 'Blanchard', 'Maële', 3),
('081', '081', '081@Rodriguez', 'Rodriguez', 'Lauriane', 1),
('082', '082', '082@Marie', 'Marie', 'Katell', 2),
('083', '083', '083@Da-silva', 'Da silva', 'Rosalie', 3),
('084', '084', '084@Barbier', 'Barbier', 'Guillemette', 1),
('085', '085', '085@Hubert', 'Hubert', 'Catherine', 2),
('086', '086', '086@Brun', 'Brun', 'Lamia', 3),
('087', '087', '087@Louis', 'Louis', 'Edwige', 1),
('088', '088', '088@Dumas', 'Dumas', 'Tatiana', 2),
('089', '089', '089@Charles', 'Charles', 'Clotilde', 3),
('090', '090', '090@Brunet', 'Brunet', 'Françoise', 1),
('091', '091', '091@Guillot', 'Guillot', 'Yuna', 2),
('092', '092', '092@Schmitt', 'Schmitt', 'Lutïcia', 3),
('093', '093', '093@Riviere', 'Riviere', 'Alexandra', 1),
('094', '094', '094@Leroux', 'Leroux', 'Syrine', 2),
('095', '095', '095@Le-gall', 'Le gall', 'Nathalie', 3),
('096', '096', '096@Colin', 'Colin', 'Rose', 1),
('097', '097', '097@Guillaume', 'Guillaume', 'Hélène', 2),
('098', '098', '098@Fernandez', 'Fernandez', 'Claudie', 3),
('099', '099', '099@Adam', 'Adam', 'Val?rie', 1),
('100', '100', '100@Pierre', 'Pierre', 'Lucas', 1),
('101', '101', '101@Rey', 'Rey', 'Mattéo', 2),
('102', '102', '102@Renard', 'Renard', 'Léo', 3),
('103', '103', '103@Moulin', 'Moulin', 'Evan', 1),
('104', '104', '104@Arnaud', 'Arnaud', 'Louis', 2),
('105', '105', '105@Gonzalez', 'Gonzalez', 'Tom', 3),
('106', '106', '106@Rolland', 'Rolland', 'Maxime', 1),
('107', '107', '107@Berger', 'Berger', 'Arthur', 2),
('108', '108', '108@Caron', 'Caron', 'Thomas', 3),
('109', '109', '109@Lecomte', 'Lecomte', 'Yanis', 1),
('110', '110', '110@Aubert', 'Aubert', 'Alexandre', 2),
('111', '111', '111@Menard', 'Menard', 'Théo', 3),
('112', '112', '112@Giraud', 'Giraud', 'Hugo', 1),
('113', '113', '113@Fleury', 'Fleury', 'Enzo', 2),
('114', '114', '114@Leclerc', 'Leclerc', 'Nathan', 3),
('115', '115', '115@Deschamps', 'Deschamps', 'Antoine', 1),
('116', '116', '116@Vidal', 'Vidal', 'Gabriel', 2),
('117', '117', '117@Carpentier', 'Carpentier', 'Clément', 3),
('118', '118', '118@Julien', 'Julien', 'Florentin', 1),
('119', '119', '119@Le-goff', 'Le goff', 'Jules', 2),
('120', '120', '120@Benoit', 'Benoit', 'Baptiste', 3),
('121', '121', '121@Boucher', 'Boucher', 'Paul', 1),
('122', '122', '122@Paris', 'Paris', 'Alexis', 2),
('123', '123', '123@Bailly', 'Bailly', 'Noah', 3),
('124', '124', '124@Maillard', 'Maillard', 'Mathis', 1),
('125', '125', '125@Boulanger', 'Boulanger', 'Ethan', 2),
('135', '135', '135@Etienne', 'Etienne', 'Nicolas', 3),
('Lebrun', '137', 'Iroise@29', 'Lebrun', 'Timéo', 3),
('138', '138', '138@Collet', 'Collet', 'Mathieu', 3),
('139', '139', '139@Daniel', 'Daniel', 'Tristan', 1),
('140', '140', '140@Prevost', 'Prevost', 'Anthony', 2),
('141', '141', '141@Pereira', 'Pereira', 'Antonin', 3),
('142', '142', '142@Poirier', 'Poirier', 'Lorenzo', 1),
('143', '143', '143@Pasquier', 'Pasquier', 'Gabin', 2),
('144', '144', '144@Charpentier', 'Charpentier', 'Jérémy', 3),
('145', '145', '145@Cordier', 'Cordier', 'Dylan', 1),
('146', '146', '146@Royer', 'Royer', 'Kevin', 2),
('147', '147', '147@Humbert', 'Humbert', 'Constant', 3),
('148', '148', '148@Huet', 'Huet', 'Esteban', 1),
('320', '320', '320@Faure', 'Faure', 'Lola', 1),
('197', '197', '197@Fernandes', 'Fernandes', 'Rayane', 2),
('199', '199', '199@Carlier', 'Carlier', 'Dimitri', 1),
('Martin', '000', 'Iroise29', 'Martin', 'André', 1),
('309', '309', '309@Hubert', 'Hubert', 'David', 3),
('319', '319', '319@Henri', 'Henri', 'Simone', 2),
('006', '006', '006@Thomas', 'Thomas', 'Marie', 1),
('007', '007', '007@Rousseau', 'Rousseau', 'Léa', 2),
('008', '008', '008@Robert', 'Robert', 'Chloé', 3),
('009', '009', '009@Blanc', 'Blanc', 'Clara', 1),
('010', '10', '010@Richard', 'Richard', 'Juliette', 2),
('304', '304', '304@Noël', 'Noël', 'Éléna', 2),
('311', '311', '311@Picard', 'Picard', 'Alain', 1),
('315', '315', '315@Lavanant', 'Lavanant', 'Jules', 3),
('318', '318', '318@Papy', 'Papy', 'Jean-Michel', 3),
('069', '069', '069@Philippe', 'Philippe', 'Elsa', 1),
('071', '071', '071@Leclercq', 'Leclercq', 'Léane', 3),
('072', '072', '072@Jean', 'Jean', 'Capucine', 1),
('073', '073', '073@Lacroix', 'Lacroix', 'Yasmine', 2),
('201', '201', '201@Marchal', 'Marchal', 'Quentin', 1),
('305', '305', '305@Collin', 'Collin', 'Maxance', 3),
('312', '312', '312@Graveleau', 'Graveleau', 'Pierre', 3),
('313', '313', '313@Hamon', 'Hamon', 'André', 2),
('317', '317', '317@Pasquier', 'Pasquier', 'Corinne', 1),
('322', '322', '322@Tanguy', 'Tanguy', 'Philippe', 2),
('132', '132', '132@Le roux', 'Le roux', 'Adam', 3),
('133', '133', '133@Poulain', 'Poulain', 'Victor', 1),
('134', '134', '134@Renault', 'Renault', 'Mohamed', 2),
('136', '136', '136@Jacquet', 'Jacquet', 'Nolan', 1),
('314', '314', '314@Dupond', 'Dupond', 'Grégoire', 1),
('306', '306', '306@Le Ray', 'Le Ray', 'Cédric', 3),
('321', '321', '321@Lucas', 'Lucas', 'Cloé', 3),
('194', '194', '194@Rodrigues', 'Rodrigues', 'Fabrice', 2),
('195', '195', '195@Guichard', 'Guichard', 'David', 3),
('1908', '1908', '1908@Godal', 'Godal', 'Tristan', 1),
('198', '198', '198@Bouchet', 'Bouchet', 'Alban', 3),
('Admin', '1', 'Iroise@29200', 'Admin', 'SDIS', 9),
('310', '310', '310@Le Gwen', 'Le Gwen', 'Erwan', 2),
('20187', '20187', '20187@Klein', 'Klein', 'Calvin', 3),
('316', '316', '316@Le Scour', 'Le Scour', 'Jacques', 2);

-- --------------------------------------------------------

--
-- Structure de la table `pompier`
--

CREATE TABLE `pompier` (
  `SP_MATRICULE` varchar(7) NOT NULL,
  `GRA_ID` char(3) NOT NULL,
  `SP_NOM` varchar(60) NOT NULL,
  `SP_PRENOM` varchar(60) NOT NULL,
  `SP_DTE_NAISSANCE` date NOT NULL,
  `SP_TEL_FIXE` varchar(10) DEFAULT NULL,
  `SP_TEL_PORTABLE` varchar(10) DEFAULT NULL,
  `SP_BIP` varchar(8) NOT NULL,
  `STATUT_ID` int(15) NOT NULL,
  `SP_DTE_MAJ` date NOT NULL,
  `DATE_PROMOTION` date NOT NULL,
  `DATE_AFFECTATION` date NOT NULL,
  `CIS_ID` int(11) NOT NULL
) ENGINE=MyISAM DEFAULT CHARSET=utf8;

--
-- Contenu de la table `pompier`
--

INSERT INTO `pompier` (`SP_MATRICULE`, `GRA_ID`, `SP_NOM`, `SP_PRENOM`, `SP_DTE_NAISSANCE`, `SP_TEL_FIXE`, `SP_TEL_PORTABLE`, `SP_BIP`, `STATUT_ID`, `SP_DTE_MAJ`, `DATE_PROMOTION`, `DATE_AFFECTATION`, `CIS_ID`) VALUES
('000', '11', 'Martin', 'André', '1987-05-01', '298195732', '678986542', '9', 1, '0000-00-00', '0000-00-00', '0000-00-00', 1),
('309', '9', 'Hubert', 'David', '1997-05-09', NULL, NULL, '310', 0, '0000-00-00', '0000-00-00', '0000-00-00', 3),
('319', '10', 'Henri', 'Simone', '1991-11-15', NULL, NULL, '303', 0, '0000-00-00', '0000-00-00', '0000-00-00', 5),
('006', '0', 'Thomas', 'Marie', '2002-04-30', NULL, NULL, '106', 0, '0000-00-00', '0000-00-00', '0000-00-00', 7),
('007', '0', 'Rousseau', 'Léa', '1987-09-12', NULL, NULL, '8', 0, '0000-00-00', '0000-00-00', '0000-00-00', 8),
('008', '0', 'Robert', 'Chloé', '2001-08-07', NULL, NULL, '9', 0, '0000-00-00', '0000-00-00', '0000-00-00', 9),
('009', '10', 'Blanc', 'Clara', '2002-06-02', NULL, NULL, '10', 0, '0000-00-00', '0000-00-00', '0000-00-00', 10),
('010', '11', 'Richard', 'Juliette', '2002-07-09', NULL, NULL, '110', 0, '0000-00-00', '0000-00-00', '0000-00-00', 11),
('011', '12', 'Guerin', 'Lucie', '1999-08-11', '0202020202', '0602020202', '111', 0, '2018-02-08', '0000-00-00', '0000-00-00', 12),
('012', '13', 'Petit', 'Sarah', '1999-06-30', '0202020202', '0602020202', '112', 0, '2018-02-08', '0000-00-00', '0000-00-00', 13),
('013', '14', 'Muller', 'Jade', '1999-07-12', '0202020202', '0602020202', '113', 0, '2018-02-08', '0000-00-00', '0000-00-00', 14),
('014', '01', 'Durand', 'Romane', '1998-08-31', '0202020202', '0602020202', '114', 0, '2018-02-08', '0000-00-00', '0000-00-00', 15),
('015', '02', 'Henry', 'Emma', '1998-06-30', '0202020202', '0602020202', '115', 0, '2018-02-08', '0000-00-00', '0000-00-00', 16),
('016', '03', 'Leroy', 'Manon', '1998-12-12', '0202020202', '0602020202', '116', 0, '2018-02-08', '0000-00-00', '0000-00-00', 17),
('017', '04', 'Roussel', 'Agathe', '1997-01-31', '0202020202', '0602020202', '117', 0, '2018-02-08', '0000-00-00', '0000-00-00', 18),
('018', '05', 'Moreau', 'Ambre', '2003-04-30', '0202020202', '0602020202', '', 0, '2018-02-08', '0000-00-00', '0000-00-00', 19),
('019', '06', 'Nicolas', 'Lilou', '1994-09-12', '0202020202', '0602020202', '119', 0, '2018-02-08', '0000-00-00', '0000-00-00', 20),
('020', '07', 'Simon', 'Océane', '1988-08-07', '0202020202', '0602020202', '120', 0, '2018-02-08', '0000-00-00', '0000-00-00', 21),
('021', '08', 'Perrin', 'Inès', '2011-06-02', '0202020202', '0602020202', '121', 0, '2018-02-08', '0000-00-00', '0000-00-00', 22),
('023', '10', 'Morin', 'Maïwenn', '2012-08-11', '0202020202', '0602020202', '123', 0, '2018-02-08', '0000-00-00', '0000-00-00', 24),
('024', '11', 'Lefebvre', 'Lisa', '2002-06-30', '0202020202', '0602020202', '124', 0, '2018-02-08', '0000-00-00', '0000-00-00', 25),
('025', '12', 'Mathieu', 'Louise', '2002-07-12', '0202020202', '0602020202', '125', 0, '2018-02-08', '0000-00-00', '0000-00-00', 26),
('026', '13', 'Michel', 'Mathilde', '2001-08-31', '0202020202', '0602020202', '126', 0, '2018-02-08', '0000-00-00', '0000-00-00', 27),
('027', '14', 'Clement', 'Zoé', '2002-06-30', '0202020202', '0602020202', '127', 0, '2018-02-08', '0000-00-00', '0000-00-00', 28),
('028', '01', 'Garcia', 'Maelys', '2002-12-12', '0202020202', '0602020202', '128', 0, '2018-02-08', '0000-00-00', '0000-00-00', 29),
('029', '02', 'Gauthier', 'Clémence', '2001-01-31', '0202020202', '0602020202', '129', 0, '2018-02-08', '0000-00-00', '0000-00-00', 30),
('030', '03', 'David', 'Émilie', '2002-04-30', '0202020202', '0602020202', '130', 0, '2018-02-08', '0000-00-00', '0000-00-00', 31),
('031', '04', 'Dumont', 'Louna', '2002-09-12', '0202020202', '0602020202', '131', 0, '2018-02-08', '0000-00-00', '0000-00-00', 32),
('032', '05', 'Bertrand', 'Justine', '2001-08-07', '0202020202', '0602020202', '132', 0, '2018-02-08', '0000-00-00', '0000-00-00', 33),
('033', '06', 'Lopez', 'Élisa', '2002-06-02', '0202020202', '0602020202', '133', 0, '2018-02-08', '0000-00-00', '0000-00-00', 34),
('034', '07', 'Roux', 'Célia', '2002-07-09', '0202020202', '0602020202', '134', 0, '2018-02-08', '0000-00-00', '0000-00-00', 35),
('035', '08', 'Fontaine', 'Pauline', '1999-08-11', '0202020202', '0602020202', '135', 0, '2018-02-08', '0000-00-00', '0000-00-00', 36),
('036', '09', 'Vincent', 'Maéva', '1999-06-30', '0202020202', '0602020202', '136', 0, '2018-02-08', '0000-00-00', '0000-00-00', 37),
('037', '10', 'Chevalier', 'Alice', '1999-07-12', '0202020202', '0602020202', '137', 0, '2018-02-08', '0000-00-00', '0000-00-00', 38),
('038', '11', 'Fournier', 'Noémie', '1998-08-31', '0202020202', '0602020202', '138', 0, '2018-02-08', '0000-00-00', '0000-00-00', 39),
('039', '12', 'Robin', 'Charlotte', '1998-06-30', '0202020202', '0602020202', '139', 0, '2018-02-08', '0000-00-00', '0000-00-00', 40),
('040', '13', 'Morel', 'Laura', '1998-12-12', '0202020202', '0602020202', '140', 0, '2018-02-08', '0000-00-00', '0000-00-00', 41),
('041', '14', 'Masson', 'Lou', '1997-01-31', '0202020202', '0602020202', '141', 0, '2018-02-08', '0000-00-00', '0000-00-00', 42),
('042', '01', 'Girard', 'Lina', '2003-04-30', '0202020202', '0602020202', '142', 0, '2018-02-08', '0000-00-00', '0000-00-00', 43),
('043', '02', 'Sanchez', 'Jeanne', '1994-09-12', '0202020202', '0602020202', '143', 0, '2018-02-08', '0000-00-00', '0000-00-00', 44),
('044', '03', 'Andre', 'Mélissa', '1988-08-07', '0202020202', '0602020202', '144', 0, '2018-02-08', '0000-00-00', '0000-00-00', 45),
('045', '04', 'Gerard', 'Lily', '2011-06-02', '0202020202', '0602020202', '145', 0, '2018-02-08', '0000-00-00', '0000-00-00', 46),
('046', '05', 'Lefevre', 'Lana', '2013-01-02', '0202020202', '0602020202', '146', 0, '2018-02-08', '0000-00-00', '0000-00-00', 47),
('047', '06', 'Nguyen', 'Lena', '2012-08-11', '0202020202', '0602020202', '147', 0, '2018-02-08', '0000-00-00', '0000-00-00', 48),
('048', '07', 'Mercier', 'Solene', '2002-06-30', '0202020202', '0602020202', '148', 0, '2018-02-08', '0000-00-00', '0000-00-00', 49),
('049', '08', 'Boyer', 'Marion', '2002-07-12', '0202020202', '0602020202', '149', 0, '2018-02-08', '0000-00-00', '0000-00-00', 50),
('050', '09', 'Dupont', 'Anna', '2001-08-31', '0202020202', '0602020202', '150', 0, '2018-02-08', '0000-00-00', '0000-00-00', 51),
('051', '10', 'Lambert', 'Léonie', '2002-06-30', '0202020202', '0602020202', '151', 0, '2018-02-08', '0000-00-00', '0000-00-00', 52),
('052', '11', 'Lemaire', 'Mélanie', '2002-12-12', '0202020202', '0602020202', '152', 0, '2018-02-08', '0000-00-00', '0000-00-00', 53),
('053', '12', 'Bonnet', 'Nina', '2001-01-31', '0202020202', '0602020202', '153', 0, '2018-02-08', '0000-00-00', '0000-00-00', 54),
('054', '13', 'Duval', 'Margot', '2002-04-30', '0202020202', '0602020202', '154', 0, '2018-02-08', '0000-00-00', '0000-00-00', 55),
('055', '14', 'Francois', 'Maëlle', '2002-09-12', '0202020202', '0602020202', '155', 0, '2018-02-08', '0000-00-00', '0000-00-00', 56),
('056', '01', 'Joly', 'Alexia', '2001-08-07', '0202020202', '0602020202', '156', 0, '2018-02-08', '0000-00-00', '0000-00-00', 57),
('057', '02', 'Martinez', 'Alicia', '2002-06-02', '0202020202', '0602020202', '157', 0, '2018-02-08', '0000-00-00', '0000-00-00', 58),
('058', '03', 'Roger', 'Marine', '2002-07-09', '0202020202', '0602020202', '158', 0, '2018-02-08', '0000-00-00', '0000-00-00', 59),
('059', '04', 'Bourgeois', 'Valentine', '1999-08-11', '0202020202', '0602020202', '159', 0, '2018-02-08', '0000-00-00', '0000-00-00', 60),
('060', '05', 'Roche', 'Candice', '1999-06-30', '0202020202', '0602020202', '160', 0, '2018-02-08', '0000-00-00', '0000-00-00', 61),
('061', '06', 'Renaud', 'Loane', '1999-07-12', '0202020202', '0602020202', '161', 0, '2018-02-08', '0000-00-00', '0000-00-00', 62),
('062', '07', 'Roy', 'Margaux', '1998-08-31', '0202020202', '0602020202', '162', 0, '2018-02-08', '0000-00-00', '0000-00-00', 63),
('304', '2', 'Noël', 'Éléna', '1956-04-18', NULL, NULL, '305', 0, '0000-00-00', '0000-00-00', '0000-00-00', 2),
('311', '10', 'Picard', 'Alain', '1948-11-01', NULL, NULL, '312', 0, '0000-00-00', '0000-00-00', '0000-00-00', 3),
('315', '14', 'Lavanant', 'Jules', '1987-10-09', NULL, NULL, '311', 1, '0000-00-00', '0000-00-00', '0000-00-00', 4),
('318', '8', 'Papy', 'Jean-Michel', '1967-09-09', NULL, NULL, '302', 1, '0000-00-00', '0000-00-00', '0000-00-00', 5),
('322', '0', 'Tanguy', 'Philippe', '1999-03-31', NULL, NULL, '324', 0, '0000-00-00', '0000-00-00', '0000-00-00', 6),
('069', '14', 'Philippe', 'Elsa', '1952-06-02', NULL, NULL, '70', 0, '0000-00-00', '0000-00-00', '0000-00-00', 7),
('070', '0', 'Meunier', 'Carla', '2000-01-02', NULL, NULL, '71', 0, '0000-00-00', '0000-00-00', '0000-00-00', 8),
('071', '0', 'Leclercq', 'Léane', '2012-08-11', NULL, NULL, '72', 0, '0000-00-00', '0000-00-00', '0000-00-00', 9),
('072', '0', 'Jean', 'Capucine', '2002-06-30', NULL, NULL, '73', 0, '0000-00-00', '0000-00-00', '0000-00-00', 10),
('073', '0', 'Lacroix', 'Yasmine', '2002-07-12', NULL, NULL, '74', 0, '0000-00-00', '0000-00-00', '0000-00-00', 11),
('074', '05', 'Perez', 'Angelina', '2001-08-31', '0202020202', '0602020202', '174', 0, '2018-02-08', '0000-00-00', '0000-00-00', 12),
('075', '06', 'Fabre', 'Amélie', '2002-06-30', '0202020202', '0602020202', '175', 0, '2018-02-08', '0000-00-00', '0000-00-00', 13),
('076', '07', 'Marchand', 'élise', '2002-12-12', '0202020202', '0602020202', '176', 0, '2018-02-08', '0000-00-00', '0000-00-00', 14),
('077', '08', 'Dupuis', 'Salomé', '2001-01-31', '0202020202', '0602020202', '177', 0, '2018-02-08', '0000-00-00', '0000-00-00', 15),
('078', '09', 'Dufour', 'Sara', '2002-04-30', '0202020202', '0602020202', '178', 0, '2018-02-08', '0000-00-00', '0000-00-00', 16),
('079', '10', 'Olivier', 'Jasmine', '2002-09-12', '0202020202', '0602020202', '179', 0, '2018-02-08', '0000-00-00', '0000-00-00', 17),
('080', '11', 'Blanchard', 'Maële', '2001-08-07', '0202020202', '0602020202', '180', 0, '2018-02-08', '0000-00-00', '0000-00-00', 18),
('081', '12', 'Rodriguez', 'Lauriane', '2002-06-02', '0202020202', '0602020202', '181', 0, '2018-02-08', '0000-00-00', '0000-00-00', 19),
('082', '13', 'Marie', 'Katell', '2002-07-09', '0202020202', '0602020202', '182', 0, '2018-02-08', '0000-00-00', '0000-00-00', 20),
('083', '14', 'Da silva', 'Rosalie', '1999-08-11', '0202020202', '0602020202', '183', 0, '2018-02-08', '0000-00-00', '0000-00-00', 21),
('084', '01', 'Barbier', 'Guillemette', '1999-06-30', '0202020202', '0602020202', '184', 0, '2018-02-08', '0000-00-00', '0000-00-00', 22),
('085', '02', 'Hubert', 'Catherine', '1999-07-12', '0202020202', '0602020202', '185', 0, '2018-02-08', '0000-00-00', '0000-00-00', 23),
('086', '03', 'Brun', 'Lamia', '1998-08-31', '0202020202', '0602020202', '186', 0, '2018-02-08', '0000-00-00', '0000-00-00', 24),
('087', '04', 'Louis', 'Edwige', '1998-06-30', '0202020202', '0602020202', '187', 0, '2018-02-08', '0000-00-00', '0000-00-00', 25),
('088', '05', 'Dumas', 'Tatiana', '1998-12-12', '0202020202', '0602020202', '188', 0, '2018-02-08', '0000-00-00', '0000-00-00', 26),
('089', '06', 'Charles', 'Clotilde', '1997-01-31', '0202020202', '0602020202', '189', 0, '2018-02-08', '0000-00-00', '0000-00-00', 27),
('090', '07', 'Brunet', 'Françoise', '2003-04-30', '0202020202', '0602020202', '190', 0, '2018-02-08', '0000-00-00', '0000-00-00', 28),
('091', '08', 'Guillot', 'Yuna', '1994-09-12', '0202020202', '0602020202', '191', 0, '2018-02-08', '0000-00-00', '0000-00-00', 29),
('092', '09', 'Schmitt', 'Lutïcia', '1988-08-07', '0202020202', '0602020202', '192', 0, '2018-02-08', '0000-00-00', '0000-00-00', 30),
('093', '10', 'Riviere', 'Alexandra', '2011-06-02', '0202020202', '0602020202', '193', 0, '2018-02-08', '0000-00-00', '0000-00-00', 31),
('094', '11', 'Leroux', 'Syrine', '2013-01-02', '0202020202', '0602020202', '194', 0, '2018-02-08', '0000-00-00', '0000-00-00', 32),
('095', '12', 'Le gall', 'Nathalie', '2012-08-11', '0202020202', '0602020202', '195', 0, '2018-02-08', '0000-00-00', '0000-00-00', 33),
('096', '13', 'Colin', 'Rose', '2002-06-30', '0202020202', '0602020202', '196', 0, '2018-02-08', '0000-00-00', '0000-00-00', 34),
('097', '14', 'Guillaume', 'Hélène', '2002-07-12', '0202020202', '0602020202', '197', 0, '2018-02-08', '0000-00-00', '0000-00-00', 35),
('098', '01', 'Fernandez', 'Claudie', '2001-08-31', '0202020202', '0602020202', '198', 0, '2018-02-08', '0000-00-00', '0000-00-00', 36),
('099', '02', 'Adam', 'Valérie', '2002-06-30', '0202020202', '0602020202', '199', 0, '2018-02-08', '0000-00-00', '0000-00-00', 37),
('100', '03', 'Pierre', 'Lucas', '2002-12-12', '0202020202', '0602020202', '200', 0, '2018-02-08', '0000-00-00', '0000-00-00', 38),
('101', '04', 'Rey', 'Mattéo', '2001-01-31', '0202020202', '0602020202', '201', 0, '2018-02-08', '0000-00-00', '0000-00-00', 39),
('102', '05', 'Renard', 'Léo', '2002-04-30', '0202020202', '0602020202', '202', 0, '2018-02-08', '0000-00-00', '0000-00-00', 40),
('103', '06', 'Moulin', 'Evan', '2002-09-12', '0202020202', '0602020202', '203', 0, '2018-02-08', '0000-00-00', '0000-00-00', 41),
('104', '07', 'Arnaud', 'Louis', '2001-08-07', '0202020202', '0602020202', '204', 0, '2018-02-08', '0000-00-00', '0000-00-00', 42),
('105', '08', 'Gonzalez', 'Tom', '2002-06-02', '0202020202', '0602020202', '205', 0, '2018-02-08', '0000-00-00', '0000-00-00', 43),
('106', '09', 'Rolland', 'Maxime', '2002-07-09', '0202020202', '0602020202', '206', 0, '2018-02-08', '0000-00-00', '0000-00-00', 44),
('107', '10', 'Berger', 'Arthur', '1999-08-11', '0202020202', '0602020202', '207', 0, '2018-02-08', '0000-00-00', '0000-00-00', 45),
('108', '11', 'Caron', 'Thomas', '1999-06-30', '0202020202', '0602020202', '208', 0, '2018-02-08', '0000-00-00', '0000-00-00', 46),
('109', '12', 'Lecomte', 'Yanis', '1999-07-12', '0202020202', '0602020202', '209', 0, '2018-02-08', '0000-00-00', '0000-00-00', 47),
('110', '13', 'Aubert', 'Alexandre', '1998-08-31', '0202020202', '0602020202', '210', 0, '2018-02-08', '0000-00-00', '0000-00-00', 48),
('111', '14', 'Menard', 'Théo', '1998-06-30', '0202020202', '0602020202', '211', 0, '2018-02-08', '0000-00-00', '0000-00-00', 49),
('112', '01', 'Giraud', 'Hugo', '1998-12-12', '0202020202', '0602020202', '212', 0, '2018-02-08', '0000-00-00', '0000-00-00', 50),
('113', '02', 'Fleury', 'Enzo', '1997-01-31', '0202020202', '0602020202', '213', 0, '2018-02-08', '0000-00-00', '0000-00-00', 51),
('114', '03', 'Leclerc', 'Nathan', '2003-04-30', '0202020202', '0602020202', '214', 0, '2018-02-08', '0000-00-00', '0000-00-00', 52),
('115', '04', 'Deschamps', 'Antoine', '1994-09-12', '0202020202', '0602020202', '215', 0, '2018-02-08', '0000-00-00', '0000-00-00', 53),
('116', '05', 'Vidal', 'Gabriel', '1988-08-07', '0202020202', '0602020202', '216', 0, '2018-02-08', '0000-00-00', '0000-00-00', 54),
('117', '06', 'Carpentier', 'Clément', '2011-06-02', '0202020202', '0602020202', '217', 0, '2018-02-08', '0000-00-00', '0000-00-00', 55),
('118', '07', 'Julien', 'Florentin', '2013-01-02', '0202020202', '0602020202', '218', 0, '2018-02-08', '0000-00-00', '0000-00-00', 56),
('119', '08', 'Le goff', 'Jules', '2012-08-11', '0202020202', '0602020202', '219', 0, '2018-02-08', '0000-00-00', '0000-00-00', 57),
('120', '09', 'Benoit', 'Baptiste', '2002-06-30', '0202020202', '0602020202', '220', 0, '2018-02-08', '0000-00-00', '0000-00-00', 58),
('121', '10', 'Boucher', 'Paul', '2002-07-12', '0202020202', '0602020202', '221', 0, '2018-02-08', '0000-00-00', '0000-00-00', 59),
('122', '11', 'Paris', 'Alexis', '2001-08-31', '0202020202', '0602020202', '222', 0, '2018-02-08', '0000-00-00', '0000-00-00', 60),
('123', '12', 'Bailly', 'Noah', '2002-06-30', '0202020202', '0602020202', '223', 0, '2018-02-08', '0000-00-00', '0000-00-00', 61),
('124', '13', 'Maillard', 'Mathis', '2002-12-12', '0202020202', '0602020202', '224', 0, '2018-02-08', '0000-00-00', '0000-00-00', 62),
('125', '14', 'Boulanger', 'Ethan', '2001-01-31', '0202020202', '0602020202', '225', 0, '2018-02-08', '0000-00-00', '0000-00-00', 63),
('201', '5', 'Marchal', 'Quentin', '0000-00-00', NULL, NULL, '301', 1, '0000-00-00', '0000-00-00', '0000-00-00', 1),
('305', '11', 'Collin', 'Maxance', '1985-02-06', NULL, NULL, '306', 1, '0000-00-00', '0000-00-00', '0000-00-00', 2),
('312', '0', 'Graveleau', 'Pierre', '0000-00-00', NULL, NULL, '313', 1, '0000-00-00', '0000-00-00', '0000-00-00', 3),
('313', '2', 'Hamon', 'André', '1998-01-02', NULL, NULL, '308', 0, '0000-00-00', '0000-00-00', '0000-00-00', 4),
('317', '5', 'Pasquier', 'Corinne', '1975-12-06', '', '', '304', 1, '0000-00-00', '0000-00-00', '0000-00-00', 5),
('321', '0', 'Lucas', 'Cloé', '1999-09-04', NULL, NULL, '322', 0, '0000-00-00', '0000-00-00', '0000-00-00', 6),
('132', '0', 'Le roux', 'Adam', '1999-06-30', NULL, NULL, '133', 0, '0000-00-00', '0000-00-00', '0000-00-00', 7),
('133', '0', 'Poulain', 'Victor', '1999-07-12', NULL, NULL, '134', 0, '0000-00-00', '0000-00-00', '0000-00-00', 8),
('134', '0', 'Renault', 'Mohamed', '1998-08-31', NULL, NULL, '135', 0, '0000-00-00', '0000-00-00', '0000-00-00', 9),
('135', '10', 'Etienne', 'Nicolas', '1998-06-30', NULL, NULL, '136', 0, '0000-00-00', '0000-00-00', '0000-00-00', 10),
('136', '11', 'Jacquet', 'Nolan', '1998-12-12', NULL, NULL, '137', 0, '0000-00-00', '0000-00-00', '0000-00-00', 11),
('137', '12', 'Lebrun', 'Timéo', '1997-01-31', '0202020202', '0602020202', '237', 0, '2018-02-08', '0000-00-00', '0000-00-00', 12),
('138', '13', 'Collet', 'Mathieu', '2003-04-30', '0202020202', '0602020202', '238', 0, '2018-02-08', '0000-00-00', '0000-00-00', 13),
('139', '14', 'Daniel', 'Tristan', '1994-09-12', '0202020202', '0602020202', '239', 0, '2018-02-08', '0000-00-00', '0000-00-00', 14),
('140', '01', 'Prevost', 'Anthony', '1988-08-07', '0202020202', '0602020202', '240', 0, '2018-02-08', '0000-00-00', '0000-00-00', 15),
('141', '02', 'Pereira', 'Antonin', '2011-06-02', '0202020202', '0602020202', '241', 0, '2018-02-08', '0000-00-00', '0000-00-00', 16),
('142', '03', 'Poirier', 'Lorenzo', '2013-01-02', '0202020202', '0602020202', '242', 0, '2018-02-08', '0000-00-00', '0000-00-00', 17),
('143', '04', 'Pasquier', 'Gabin', '2012-08-11', '0202020202', '0602020202', '243', 0, '2018-02-08', '0000-00-00', '0000-00-00', 18),
('144', '05', 'Charpentier', 'Jérémy', '2002-06-30', '0202020202', '0602020202', '244', 0, '2018-02-08', '0000-00-00', '0000-00-00', 19),
('145', '06', 'Cordier', 'Dylan', '2002-07-12', '0202020202', '0602020202', '245', 0, '2018-02-08', '0000-00-00', '0000-00-00', 20),
('146', '07', 'Royer', 'Kevin', '2001-08-31', '0202020202', '0602020202', '246', 0, '2018-02-08', '0000-00-00', '0000-00-00', 21),
('147', '08', 'Humbert', 'Constant', '2002-06-30', '0202020202', '0602020202', '245', 0, '2018-02-08', '0000-00-00', '0000-00-00', 22),
('148', '09', 'Huet', 'Esteban', '2002-12-12', '0202020202', '0602020202', '248', 0, '2018-02-08', '0000-00-00', '0000-00-00', 23),
('149', '10', 'Gillet', 'Dorian', '2001-01-31', '0202020202', '0602020202', '249', 0, '2018-02-08', '0000-00-00', '0000-00-00', 24),
('150', '11', 'Baron', 'Diego', '2002-04-30', '0202020202', '0602020202', '250', 0, '2018-02-08', '0000-00-00', '0000-00-00', 26),
('151', '12', 'Bouvier', 'Kyllian', '2002-09-12', '0202020202', '0602020202', '251', 0, '2018-02-08', '0000-00-00', '0000-00-00', 27),
('152', '13', 'Dupuy', 'Samuel', '2001-08-07', '0202020202', '0602020202', '252', 0, '2018-02-08', '0000-00-00', '0000-00-00', 28),
('153', '14', 'Leveque', 'Florian', '2002-06-02', '0202020202', '0602020202', '253', 0, '2018-02-08', '0000-00-00', '0000-00-00', 29),
('154', '01', 'Pons', 'Thibault', '2002-07-09', '0202020202', '0602020202', '254', 0, '2018-02-08', '0000-00-00', '0000-00-00', 30),
('155', '02', 'Albert', 'Adrien', '1999-08-11', '0202020202', '0602020202', '255', 0, '2018-02-08', '0000-00-00', '0000-00-00', 31),
('156', '03', 'Paul', 'Benjamin', '1999-06-30', '0202020202', '0602020202', '256', 0, '2018-02-08', '0000-00-00', '0000-00-00', 32),
('157', '04', 'Ferreira', 'Corentin', '1999-07-12', '0202020202', '0602020202', '257', 0, '2018-02-08', '0000-00-00', '0000-00-00', 33),
('158', '05', 'Laine', 'Eric', '1998-08-31', '0202020202', '0602020202', '258', 0, '2018-02-08', '0000-00-00', '0000-00-00', 34),
('159', '06', 'Jacob', 'Kylian', '1998-06-30', '0202020202', '0602020202', '259', 0, '2018-02-08', '0000-00-00', '0000-00-00', 35),
('160', '07', 'Carre', 'Mehdi', '1998-12-12', '0202020202', '0602020202', '260', 0, '2018-02-08', '0000-00-00', '0000-00-00', 36),
('161', '08', 'Germain', 'Noé', '1997-01-31', '0202020202', '0602020202', '261', 0, '2018-02-08', '0000-00-00', '0000-00-00', 37),
('162', '09', 'Breton', 'Rémi', '2003-04-30', '0202020202', '0602020202', '262', 0, '2018-02-08', '0000-00-00', '0000-00-00', 38),
('163', '10', 'Klein', 'Simon', '1994-09-12', '0202020202', '0602020202', '263', 0, '2018-02-08', '0000-00-00', '0000-00-00', 39),
('164', '11', 'Remy', 'Titouan', '1988-08-07', '0202020202', '0602020202', '264', 0, '2018-02-08', '0000-00-00', '0000-00-00', 40),
('165', '12', 'Millet', 'Robin', '2011-06-02', '0202020202', '0602020202', '265', 0, '2018-02-08', '0000-00-00', '0000-00-00', 41),
('166', '13', 'Schneider', 'Bastien', '2013-01-02', '0202020202', '0602020202', '266', 0, '2018-02-08', '0000-00-00', '0000-00-00', 42),
('167', '14', 'Weber', 'Kilian', '2012-08-11', '0202020202', '0602020202', '267', 0, '2018-02-08', '0000-00-00', '0000-00-00', 43),
('168', '01', 'Perrot', 'Killian', '2002-06-30', '0202020202', '0602020202', '268', 0, '2018-02-08', '0000-00-00', '0000-00-00', 44),
('169', '02', 'Gomez', 'Lilian', '2002-07-12', '0202020202', '0602020202', '269', 0, '2018-02-08', '0000-00-00', '0000-00-00', 45),
('170', '03', 'Guyot', 'Martin', '2001-08-31', '0202020202', '0602020202', '270', 0, '2018-02-08', '0000-00-00', '0000-00-00', 46),
('171', '04', 'Marechal', 'Amine', '2002-06-30', '0202020202', '0602020202', '271', 0, '2018-02-08', '0000-00-00', '0000-00-00', 47),
('172', '05', 'Barre', 'Guillaume', '2002-12-12', '0202020202', '0602020202', '272', 0, '2018-02-08', '0000-00-00', '0000-00-00', 48),
('173', '06', 'Gay', 'Léonard', '2001-01-31', '0202020202', '0602020202', '273', 0, '2018-02-08', '0000-00-00', '0000-00-00', 49),
('174', '07', 'Marty', 'Malo', '2002-04-30', '0202020202', '0602020202', '274', 0, '2018-02-08', '0000-00-00', '0000-00-00', 50),
('175', '08', 'Chevallier', 'élouan', '2002-09-12', '0202020202', '0602020202', '275', 0, '2018-02-08', '0000-00-00', '0000-00-00', 51),
('176', '09', 'Cousin', 'Davy', '2001-08-07', '0202020202', '0602020202', '276', 0, '2018-02-08', '0000-00-00', '0000-00-00', 52),
('177', '10', 'Mallet', 'Léon', '2002-06-02', '0202020202', '0602020202', '277', 0, '2018-02-08', '0000-00-00', '0000-00-00', 53),
('178', '11', 'Lesage', 'Renaud', '2002-07-09', '0202020202', '0602020202', '278', 0, '2018-02-08', '0000-00-00', '0000-00-00', 54),
('179', '12', 'Levy', 'Bruno', '1999-08-11', '0202020202', '0602020202', '279', 0, '2018-02-08', '0000-00-00', '0000-00-00', 55),
('180', '13', 'Bertin', 'Timothée', '1999-06-30', '0202020202', '0602020202', '280', 0, '2018-02-08', '0000-00-00', '0000-00-00', 56),
('181', '14', 'Marion', 'Félix', '1999-07-12', '0202020202', '0602020202', '281', 0, '2018-02-08', '0000-00-00', '0000-00-00', 57),
('182', '01', 'Leblanc', 'Roméo', '1998-08-31', '0202020202', '0602020202', '282', 0, '2018-02-08', '0000-00-00', '0000-00-00', 58),
('183', '02', 'Dupond', 'Yohan', '1998-06-30', '0202020202', '0602020202', '283', 0, '2018-02-08', '0000-00-00', '0000-00-00', 59),
('184', '03', 'Alexandre', 'Gilbert', '1998-12-12', '0202020202', '0602020202', '284', 0, '2018-02-08', '0000-00-00', '0000-00-00', 60),
('185', '04', 'Joubert', 'Colin', '1997-01-31', '0202020202', '0602020202', '285', 0, '2018-02-08', '0000-00-00', '0000-00-00', 61),
('186', '05', 'Gonéalves', 'Marwane', '2003-04-30', '0202020202', '0602020202', '286', 0, '2018-02-08', '0000-00-00', '0000-00-00', 62),
('187', '06', 'Rossi', 'Gaspard', '1994-09-12', '0202020202', '0602020202', '287', 0, '2018-02-08', '0000-00-00', '0000-00-00', 63),
('307', '0', 'Jacques', 'Émilie', '1988-11-04', NULL, NULL, '307', 1, '0000-00-00', '0000-00-00', '0000-00-00', 2),
('314', '3', 'Dupond', 'Grégoire', '1969-07-31', NULL, NULL, '315', 1, '0000-00-00', '0000-00-00', '0000-00-00', 3),
('306', '0', 'Le Ray', 'Cédric', '0000-00-00', NULL, NULL, '317', 1, '0000-00-00', '0000-00-00', '0000-00-00', 4),
('320', '0', 'Faure', 'Lola', '1978-12-31', NULL, NULL, '321', 0, '0000-00-00', '0000-00-00', '0000-00-00', 6),
('194', '13', 'Rodrigues', 'Fabrice', '2001-08-31', NULL, NULL, '195', 0, '0000-00-00', '0000-00-00', '0000-00-00', 7),
('195', '14', 'Guichard', 'David', '2002-06-30', NULL, NULL, '196', 0, '0000-00-00', '0000-00-00', '0000-00-00', 8),
('197', '02', 'Fernandes', 'Rayane', '2001-01-31', '0202020202', '0602020202', '297', 0, '2018-02-08', '0000-00-00', '0000-00-00', 10),
('198', '0', 'Bouchet', 'Alban', '2002-04-30', NULL, NULL, '199', 0, '0000-00-00', '0000-00-00', '0000-00-00', 11),
('199', '04', 'Carlier', 'Dimitri', '2002-09-12', '0202020202', '0602020202', '299', 0, '2018-02-08', '0000-00-00', '0000-00-00', 12),
('1908', '0', 'Godal', 'Tristan', '1999-11-03', NULL, NULL, '1909', 0, '0000-00-00', '0000-00-00', '0000-00-00', 10),
('1', '11', 'Admin', 'SDIS', '2000-01-01', '298195730', '617977484', '12', 1, '0000-00-00', '0000-00-00', '0000-00-00', 1),
('20187', '11', 'Klein', 'Calvin', '1939-06-20', '245893101', '777116677', '300', 1, '0000-00-00', '0000-00-00', '0000-00-00', 1),
('316', '2', 'Le Scour', 'Jacques', '1959-09-02', '', '', '314', 0, '0000-00-00', '0000-00-00', '0000-00-00', 5),
('302', '4', 'Pouliquen', 'Julien', '1990-08-13', '987654321', '695847362', '20189', 1, '0000-00-00', '0000-00-00', '0000-00-00', 53),
('308', '0', 'Jacob', 'Jean', '0000-00-00', NULL, NULL, '309', 0, '0000-00-00', '0000-00-00', '0000-00-00', 2),
('310', '0', 'Le Gwen', 'Erwan', '1966-05-19', '', '', '316', 0, '0000-00-00', '0000-00-00', '0000-00-00', 4);

-- --------------------------------------------------------

--
-- Structure de la table `profil`
--

CREATE TABLE `profil` (
  `PROFIL_ID` int(11) NOT NULL,
  `PROFIL_LIBELLE` char(5) NOT NULL
) ENGINE=InnoDB DEFAULT CHARSET=utf8mb4;

--
-- Contenu de la table `profil`
--

INSERT INTO `profil` (`PROFIL_ID`, `PROFIL_LIBELLE`) VALUES
(1, 'SP'),
(2, 'CTA'),
(3, 'SF'),
(9, 'Admin');

-- --------------------------------------------------------

--
-- Structure de la table `statut`
--

CREATE TABLE `statut` (
  `STATUT_ID` int(11) NOT NULL,
  `STATUT_LIBELLE` varchar(13) NOT NULL
) ENGINE=InnoDB DEFAULT CHARSET=utf8mb4;

--
-- Contenu de la table `statut`
--

INSERT INTO `statut` (`STATUT_ID`, `STATUT_LIBELLE`) VALUES
(0, 'Volontaire'),
(1, 'Professionnel');

-- --------------------------------------------------------

--
-- Structure de la table `valide`
--

CREATE TABLE `valide` (
  `SP_MATRICULE` varchar(7) NOT NULL,
  `FOR_ID` varchar(32) NOT NULL
) ENGINE=MyISAM DEFAULT CHARSET=utf8;

--
-- Contenu de la table `valide`
--

INSERT INTO `valide` (`SP_MATRICULE`, `FOR_ID`) VALUES
('000', '6'),
('1', '11'),
('1', '6'),
('1', '8');

--
-- Index pour les tables exportées
--

--
-- Index pour la table `caserne`
--
ALTER TABLE `caserne`
  ADD PRIMARY KEY (`CIS_ID`);

--
-- Index pour la table `exercer`
--
ALTER TABLE `exercer`
  ADD PRIMARY KEY (`SP_MATRICULE`,`FCT_ID`),
  ADD KEY `FK_SP_MATRICULE` (`SP_MATRICULE`),
  ADD KEY `FK_exercer_FCT_ID` (`FCT_ID`);

--
-- Index pour la table `fonction`
--
ALTER TABLE `fonction`
  ADD PRIMARY KEY (`FCT_ID`);

--
-- Index pour la table `formation`
--
ALTER TABLE `formation`
  ADD PRIMARY KEY (`FOR_ID`),
  ADD KEY `FK_formation_FCT_ID` (`FCT_ID`);

--
-- Index pour la table `grade`
--
ALTER TABLE `grade`
  ADD PRIMARY KEY (`GRA_ID`),
  ADD KEY `GRAD_ID` (`GRA_ID`);

--
-- Index pour la table `inscrire`
--
ALTER TABLE `inscrire`
  ADD PRIMARY KEY (`SP_MATRICULE`,`FOR_ID`),
  ADD KEY `FK_SP_MATRICULE` (`SP_MATRICULE`),
  ADD KEY `FK_inscrire_FOR_ID` (`FOR_ID`);

--
-- Index pour la table `login`
--
ALTER TABLE `login`
  ADD PRIMARY KEY (`LOG_LOGIN`),
  ADD KEY `FK_SP_MATRICULE` (`SP_MATRICULE`),
  ADD KEY `FK_LOG_PROFIL` (`LOG_PROFIL`);

--
-- Index pour la table `pompier`
--
ALTER TABLE `pompier`
  ADD PRIMARY KEY (`SP_MATRICULE`),
  ADD KEY `FK_CIS_ID` (`CIS_ID`),
  ADD KEY `FK_pompier_GRA_ID` (`GRA_ID`),
  ADD KEY `FK_STATUT_ID` (`STATUT_ID`);

--
-- Index pour la table `profil`
--
ALTER TABLE `profil`
  ADD PRIMARY KEY (`PROFIL_ID`);

--
-- Index pour la table `statut`
--
ALTER TABLE `statut`
  ADD PRIMARY KEY (`STATUT_ID`);

--
-- Index pour la table `valide`
--
ALTER TABLE `valide`
  ADD PRIMARY KEY (`SP_MATRICULE`,`FOR_ID`),
  ADD KEY `FK_SP_MATRICULE` (`SP_MATRICULE`),
  ADD KEY `FK_valide_FOR_ID` (`FOR_ID`);

--
-- AUTO_INCREMENT pour les tables exportées
--

--
-- AUTO_INCREMENT pour la table `caserne`
--
ALTER TABLE `caserne`
  MODIFY `CIS_ID` int(11) NOT NULL AUTO_INCREMENT, AUTO_INCREMENT=64;
--
-- AUTO_INCREMENT pour la table `profil`
--
ALTER TABLE `profil`
  MODIFY `PROFIL_ID` int(11) NOT NULL AUTO_INCREMENT, AUTO_INCREMENT=5;
--
-- AUTO_INCREMENT pour la table `statut`
--
ALTER TABLE `statut`
  MODIFY `STATUT_ID` int(11) NOT NULL AUTO_INCREMENT, AUTO_INCREMENT=3;
/*!40101 SET CHARACTER_SET_CLIENT=@OLD_CHARACTER_SET_CLIENT */;
/*!40101 SET CHARACTER_SET_RESULTS=@OLD_CHARACTER_SET_RESULTS */;
/*!40101 SET COLLATION_CONNECTION=@OLD_COLLATION_CONNECTION */;
